
--이미지 데이터
INSERT INTO redisstudy.commonimg (imgSeq, imgNm, imgPath) VALUES (1, '난풍', 'https://www.kmdb.or.kr/db/kor/detail/movie/K/01651');
INSERT INTO redisstudy.commonimg (imgSeq, imgNm, imgPath) VALUES (2, '더블유.씨(W.C)', 'https://www.kmdb.or.kr/db/kor/detail/movie/A/10824');
INSERT INTO redisstudy.commonimg (imgSeq, imgNm, imgPath) VALUES (3, '기억세탁소', 'https://www.kmdb.or.kr/db/kor/detail/movie/K/18829');
INSERT INTO redisstudy.commonimg (imgSeq, imgNm, imgPath) VALUES (4, 'BMW 단편 프로젝트 - 호스티지', 'https://www.kmdb.or.kr/db/kor/detail/movie/F/47063');
INSERT INTO redisstudy.commonimg (imgSeq, imgNm, imgPath) VALUES (5, '누렁이들', 'https://www.kmdb.or.kr/db/kor/detail/movie/K/18820');
INSERT INTO redisstudy.commonimg (imgSeq, imgNm, imgPath) VALUES (6, '유저사진', 'domain/src/main/resources/img/userImg.png');
INSERT INTO redisstudy.commonimg (imgSeq, imgNm, imgPath) VALUES (7, '김치컬트', 'https://www.kmdb.or.kr/db/kor/detail/movie/K/18830');
INSERT INTO redisstudy.commonimg (imgSeq, imgNm, imgPath) VALUES (8, '소꿉놀이', 'https://www.kmdb.or.kr/db/kor/detail/movie/K/1883');
INSERT INTO redisstudy.commonimg (imgSeq, imgNm, imgPath) VALUES (9, '위로', 'https://www.kmdb.or.kr/db/kor/detail/movie/K/18836');
INSERT INTO redisstudy.commonimg (imgSeq, imgNm, imgPath) VALUES (10, '여호', 'https://www.kmdb.or.kr/db/kor/detail/movie/F/00142');




-- 영화정보
INSERT INTO redisstudy.movieinfo (movieId, thumImg, theaterCd, movieNm, subTitle, genreCd, directorNm, pubDate, countryCd, castNm, movieLink, movieRate, openDt, showYn, createDate, modifyDate, showTm, genreNm, grade) VALUES ('mvid01', 1, 'cgv', '난풍', '난풍', 'ACTION', '김알파', '2023-03-24 15:33:09', 'kor', '최지연', null, 6.00, '2025-03-22 15:37:06', 'Y', '2023-03-22 15:41:18', null, 60, null, 'ALL');
INSERT INTO redisstudy.movieinfo (movieId, thumImg, theaterCd, movieNm, subTitle, genreCd, directorNm, pubDate, countryCd, castNm, movieLink, movieRate, openDt, showYn, createDate, modifyDate, showTm, genreNm, grade) VALUES ('mvid02', 2, 'cgv', '더블유.씨(W.C)', '더블유씨', 'SF', '김베타', '2021-03-22 15:45:19', 'kor', '명지숙', null, 7.00, '2025-03-22 15:47:03', 'Y', '2023-02-22 15:48:39', null, 60, null, 'ALL');
INSERT INTO redisstudy.movieinfo (movieId, thumImg, theaterCd, movieNm, subTitle, genreCd, directorNm, pubDate, countryCd, castNm, movieLink, movieRate, openDt, showYn, createDate, modifyDate, showTm, genreNm, grade) VALUES ('mvid03', 3, 'cgv', '기억세탁소', '기억세탁소', 'COMEDI', '김오메가', '2022-03-22 15:45:22', 'kor', '서지욱', null, 7.10, '2025-05-22 15:47:46', 'N', '2018-01-03 01:38:48', null, 60, null, 'ALL');
INSERT INTO redisstudy.movieinfo (movieId, thumImg, theaterCd, movieNm, subTitle, genreCd, directorNm, pubDate, countryCd, castNm, movieLink, movieRate, openDt, showYn, createDate, modifyDate, showTm, genreNm, grade) VALUES ('mvid04', 4, 'cgv', 'BMW 단편 프로젝트 - 호스티지', '호스티지', 'THRILLER', '김감마', '2019-03-22 15:45:28', 'kor', '김수환', null, 5.10, '2025-01-22 15:47:49', 'N', '2025-04-22 15:48:47', null, 60, null, 'FROM_19');
INSERT INTO redisstudy.movieinfo (movieId, thumImg, theaterCd, movieNm, subTitle, genreCd, directorNm, pubDate, countryCd, castNm, movieLink, movieRate, openDt, showYn, createDate, modifyDate, showTm, genreNm, grade) VALUES ('mvid05', 5, 'cgv', '누렁이들', '누렁이', 'ROMANCE', '김델타', '2018-03-22 15:45:35', 'kor', '임유혁', '', 5.70, '2025-03-04 15:47:53', 'Y', '2023-02-08 15:48:46', null, 60, null, 'FROM_19');
INSERT INTO redisstudy.movieinfo (movieId, thumImg, theaterCd, movieNm, subTitle, genreCd, directorNm, pubDate, countryCd, castNm, movieLink, movieRate, openDt, showYn, createDate, modifyDate, showTm, genreNm, grade) VALUES ('mvid06', 7, 'cgv', '김치컬트', '김치컬트', 'FANTASY', '김델타', '2018-03-22 15:45:35', 'kor', '김지아', null, 2.30, '2025-03-13 18:37:04', 'Y', '2025-02-22 23:37:17', '2025-03-22 18:37:29', 60, null, 'FROM_15');
INSERT INTO redisstudy.movieinfo (movieId, thumImg, theaterCd, movieNm, subTitle, genreCd, directorNm, pubDate, countryCd, castNm, movieLink, movieRate, openDt, showYn, createDate, modifyDate, showTm, genreNm, grade) VALUES ('mvid07', 8, 'cgv', '소꿉놀이', '소꿉놀이', 'DOCUMENTARY', '김감마', '2018-03-22 15:45:35', 'kor', '김우혁', null, 2.30, '2025-03-13 18:37:04', 'Y', '2025-02-22 23:37:17', '2025-03-22 18:37:29', 60, null, 'FROM_15');
INSERT INTO redisstudy.movieinfo (movieId, thumImg, theaterCd, movieNm, subTitle, genreCd, directorNm, pubDate, countryCd, castNm, movieLink, movieRate, openDt, showYn, createDate, modifyDate, showTm, genreNm, grade) VALUES ('mvid08', 9, 'cgv', '위로', '위로', 'FANTASY', '김델타', '2018-03-22 15:45:35', 'kor', '최상혁', null, 2.30, '2025-03-13 18:37:04', 'Y', '2025-02-22 23:37:17', '2025-03-22 18:37:29', 60, null, 'FROM_12');
INSERT INTO redisstudy.movieinfo (movieId, thumImg, theaterCd, movieNm, subTitle, genreCd, directorNm, pubDate, countryCd, castNm, movieLink, movieRate, openDt, showYn, createDate, modifyDate, showTm, genreNm, grade) VALUES ('mvid09', 10, 'cgv', '여호', '여호', 'COMEDI', '김오메가', '2018-03-22 15:45:35', 'kor', '유석호', null, 2.30, '2025-03-13 18:37:04', 'Y', '2025-02-22 23:37:17', '2025-03-22 18:37:29', 60, null, 'FROM_19');
INSERT INTO redisstudy.movieinfo (movieId, thumImg, theaterCd, movieNm, subTitle, genreCd, directorNm, pubDate, countryCd, castNm, movieLink, movieRate, openDt, showYn, createDate, modifyDate, showTm, genreNm, grade) VALUES ('mvid10', 11, 'cgv', '제쓰로 툴 : 리빙 위드 더 패스트', '제쓰로 툴 : 리빙 위드 더 패스트', 'ACTION', '김알파', '2018-03-22 15:45:35', 'kor', '지하나', null, 2.30, '2025-03-13 18:37:04', 'Y', '2025-02-22 23:37:17', '2025-03-22 18:37:29', 60, null, 'FROM_19');


-- 유저정보
INSERT INTO redisstudy.movieuser (userId, userImg, loginId, pwd, userNm, phoneNum02, useYn, createDate, lastLoginDate, email01, email02, role, address01, address02, phoneNum03, address03, phoneNum01) VALUES ('USER01', 6, 'eva777', '0000', '김에바', 1111, 'Y', '2024-01-02 16:16:26', '2023-02-07 11:14:34', 'eva888', 'naver.com', 'cus', '서울특별시 마포구 월드컵로 212', '1층', '1111', '121711', '010');
INSERT INTO redisstudy.movieuser (userId, userImg, loginId, pwd, userNm, phoneNum02, useYn, createDate, lastLoginDate, email01, email02, role, address01, address02, phoneNum03, address03, phoneNum01) VALUES ('USER02', 6, 'mia777', '0000', '김미아', 2222, 'Y', '2024-01-02 16:16:26', '2023-02-07 11:14:34', 'mia888', 'naver.com', 'cus', '서울특별시 마포구 월드컵로 212', '1층', '2222', '121711', '010');
INSERT INTO redisstudy.movieuser (userId, userImg, loginId, pwd, userNm, phoneNum02, useYn, createDate, lastLoginDate, email01, email02, role, address01, address02, phoneNum03, address03, phoneNum01) VALUES ('USER03', 6, 'bella777', '0000', '김벨라', 3333, 'Y', '2024-01-02 16:16:26', '2023-02-07 11:14:34', 'bella888', 'naver.com', 'cus', '서울특별시 마포구 월드컵로 212', '1층', '3333', '121711', '010');
INSERT INTO redisstudy.movieuser (userId, userImg, loginId, pwd, userNm, phoneNum02, useYn, createDate, lastLoginDate, email01, email02, role, address01, address02, phoneNum03, address03, phoneNum01) VALUES ('USER04', 6, 'ari777', '0000', '김아리', 4444, 'Y', '2024-01-02 16:16:26', '2023-02-07 11:14:34', 'ari888', 'naver.com', 'cus', '서울특별시 마포구 월드컵로 212', '1층', '4444', '121711', '010');
INSERT INTO redisstudy.movieuser (userId, userImg, loginId, pwd, userNm, phoneNum02, useYn, createDate, lastLoginDate, email01, email02, role, address01, address02, phoneNum03, address03, phoneNum01) VALUES ('USER05', 6, 'luke777', '0000', '김루크', 5555, 'Y', '2024-01-02 16:16:26', '2023-02-07 11:14:34', 'luke888', 'naver.com', 'cus', '서울특별시 마포구 월드컵로 212', '1층', '5555', '121711', '010');



-- 영화 시간표
INSERT INTO redisstudy.theatermovetm (movieId, movieRound, theaterMovieStartTm, theaterMovieEndTm, theaterMovieHall, theaterNm, theaterId) VALUES ('mvid01', 1, '2025-03-22 09:00:00', '2025-03-22 10:00:00', 1, 'CGV', null);
INSERT INTO redisstudy.theatermovetm (movieId, movieRound, theaterMovieStartTm, theaterMovieEndTm, theaterMovieHall, theaterNm, theaterId) VALUES ('mvid01', 2, '2025-03-22 11:00:00', '2025-03-22 12:00:00', 2, 'CGV', null);
INSERT INTO redisstudy.theatermovetm (movieId, movieRound, theaterMovieStartTm, theaterMovieEndTm, theaterMovieHall, theaterNm, theaterId) VALUES ('mvid01', 3, '2025-03-22 13:00:00', '2025-03-22 14:00:00', 3, 'CGV', null);
INSERT INTO redisstudy.theatermovetm (movieId, movieRound, theaterMovieStartTm, theaterMovieEndTm, theaterMovieHall, theaterNm, theaterId) VALUES ('mvid01', 4, '2025-03-23 09:00:00', '2025-03-23 10:00:00', 4, 'CGV', null);
INSERT INTO redisstudy.theatermovetm (movieId, movieRound, theaterMovieStartTm, theaterMovieEndTm, theaterMovieHall, theaterNm, theaterId) VALUES ('mvid01', 5, '2025-03-23 11:00:00', '2025-03-23 12:00:00', 5, 'CGV', null);
INSERT INTO redisstudy.theatermovetm (movieId, movieRound, theaterMovieStartTm, theaterMovieEndTm, theaterMovieHall, theaterNm, theaterId) VALUES ('mvid01', 6, '2025-03-23 13:00:00', '2025-03-23 14:00:00', 6, 'CGV', null);
INSERT INTO redisstudy.theatermovetm (movieId, movieRound, theaterMovieStartTm, theaterMovieEndTm, theaterMovieHall, theaterNm, theaterId) VALUES ('mvid01', 7, '2025-03-24 09:00:00', '2025-03-24 10:00:00', 1, 'CGV', null);
INSERT INTO redisstudy.theatermovetm (movieId, movieRound, theaterMovieStartTm, theaterMovieEndTm, theaterMovieHall, theaterNm, theaterId) VALUES ('mvid01', 8, '2025-03-24 11:00:00', '2025-03-24 12:00:00', 2, 'CGV', null);
INSERT INTO redisstudy.theatermovetm (movieId, movieRound, theaterMovieStartTm, theaterMovieEndTm, theaterMovieHall, theaterNm, theaterId) VALUES ('mvid01', 9, '2025-03-24 13:00:00', '2025-03-24 14:00:00', 3, 'CGV', null);
INSERT INTO redisstudy.theatermovetm (movieId, movieRound, theaterMovieStartTm, theaterMovieEndTm, theaterMovieHall, theaterNm, theaterId) VALUES ('mvid01', 10, '2025-03-25 09:00:00', '2025-03-25 10:00:00', 4, 'CGV', null);
INSERT INTO redisstudy.theatermovetm (movieId, movieRound, theaterMovieStartTm, theaterMovieEndTm, theaterMovieHall, theaterNm, theaterId) VALUES ('mvid01', 11, '2025-03-25 11:00:00', '2025-03-25 12:00:00', 5, 'CGV', null);
INSERT INTO redisstudy.theatermovetm (movieId, movieRound, theaterMovieStartTm, theaterMovieEndTm, theaterMovieHall, theaterNm, theaterId) VALUES ('mvid01', 12, '2025-03-25 13:00:00', '2025-03-25 14:00:00', 6, 'CGV', null);
INSERT INTO redisstudy.theatermovetm (movieId, movieRound, theaterMovieStartTm, theaterMovieEndTm, theaterMovieHall, theaterNm, theaterId) VALUES ('mvid01', 13, '2025-03-26 09:00:00', '2025-03-26 10:00:00', 1, 'CGV', null);
INSERT INTO redisstudy.theatermovetm (movieId, movieRound, theaterMovieStartTm, theaterMovieEndTm, theaterMovieHall, theaterNm, theaterId) VALUES ('mvid01', 14, '2025-03-26 11:00:00', '2025-03-26 12:00:00', 2, 'CGV', null);
INSERT INTO redisstudy.theatermovetm (movieId, movieRound, theaterMovieStartTm, theaterMovieEndTm, theaterMovieHall, theaterNm, theaterId) VALUES ('mvid01', 15, '2025-03-26 13:00:00', '2025-03-26 14:00:00', 3, 'CGV', null);
INSERT INTO redisstudy.theatermovetm (movieId, movieRound, theaterMovieStartTm, theaterMovieEndTm, theaterMovieHall, theaterNm, theaterId) VALUES ('mvid01', 16, '2025-03-27 09:00:00', '2025-03-27 10:00:00', 4, 'CGV', null);
INSERT INTO redisstudy.theatermovetm (movieId, movieRound, theaterMovieStartTm, theaterMovieEndTm, theaterMovieHall, theaterNm, theaterId) VALUES ('mvid01', 17, '2025-03-27 11:00:00', '2025-03-27 12:00:00', 5, 'CGV', null);
INSERT INTO redisstudy.theatermovetm (movieId, movieRound, theaterMovieStartTm, theaterMovieEndTm, theaterMovieHall, theaterNm, theaterId) VALUES ('mvid01', 18, '2025-03-27 13:00:00', '2025-03-27 14:00:00', 6, 'CGV', null);
INSERT INTO redisstudy.theatermovetm (movieId, movieRound, theaterMovieStartTm, theaterMovieEndTm, theaterMovieHall, theaterNm, theaterId) VALUES ('mvid01', 19, '2025-03-28 09:00:00', '2025-03-28 10:00:00', 1, 'CGV', null);
INSERT INTO redisstudy.theatermovetm (movieId, movieRound, theaterMovieStartTm, theaterMovieEndTm, theaterMovieHall, theaterNm, theaterId) VALUES ('mvid01', 20, '2025-03-28 11:00:00', '2025-03-28 12:00:00', 2, 'CGV', null);
INSERT INTO redisstudy.theatermovetm (movieId, movieRound, theaterMovieStartTm, theaterMovieEndTm, theaterMovieHall, theaterNm, theaterId) VALUES ('mvid01', 21, '2025-03-28 13:00:00', '2025-03-28 14:00:00', 3, 'CGV', null);
INSERT INTO redisstudy.theatermovetm (movieId, movieRound, theaterMovieStartTm, theaterMovieEndTm, theaterMovieHall, theaterNm, theaterId) VALUES ('mvid01', 22, '2025-03-29 09:00:00', '2025-03-29 10:00:00', 4, 'CGV', null);
INSERT INTO redisstudy.theatermovetm (movieId, movieRound, theaterMovieStartTm, theaterMovieEndTm, theaterMovieHall, theaterNm, theaterId) VALUES ('mvid01', 23, '2025-03-29 11:00:00', '2025-03-29 12:00:00', 5, 'CGV', null);
INSERT INTO redisstudy.theatermovetm (movieId, movieRound, theaterMovieStartTm, theaterMovieEndTm, theaterMovieHall, theaterNm, theaterId) VALUES ('mvid01', 24, '2025-03-29 13:00:00', '2025-03-29 14:00:00', 6, 'CGV', null);
INSERT INTO redisstudy.theatermovetm (movieId, movieRound, theaterMovieStartTm, theaterMovieEndTm, theaterMovieHall, theaterNm, theaterId) VALUES ('mvid02', 8, '2025-03-24 11:00:00', '2025-03-24 12:00:00', 2, 'CGV', null);
INSERT INTO redisstudy.theatermovetm (movieId, movieRound, theaterMovieStartTm, theaterMovieEndTm, theaterMovieHall, theaterNm, theaterId) VALUES ('mvid05', 16, '2025-03-27 09:00:00', '2025-03-27 10:00:00', 4, 'CGV', null);
INSERT INTO redisstudy.theatermovetm (movieId, movieRound, theaterMovieStartTm, theaterMovieEndTm, theaterMovieHall, theaterNm, theaterId) VALUES ('mvid05', 16, '2025-03-27 09:00:00', '2025-03-27 10:00:00', 4, 'CGV', null);
INSERT INTO redisstudy.theatermovetm (movieId, movieRound, theaterMovieStartTm, theaterMovieEndTm, theaterMovieHall, theaterNm, theaterId) VALUES ('mvid05', 16, '2025-03-27 09:00:00', '2025-03-27 10:00:00', 4, 'CGV', null);
INSERT INTO redisstudy.theatermovetm (movieId, movieRound, theaterMovieStartTm, theaterMovieEndTm, theaterMovieHall, theaterNm, theaterId) VALUES ('mvid05', 16, '2025-03-27 09:00:00', '2025-03-27 10:00:00', 4, 'CGV', null);
INSERT INTO redisstudy.theatermovetm (movieId, movieRound, theaterMovieStartTm, theaterMovieEndTm, theaterMovieHall, theaterNm, theaterId) VALUES ('mvid05', 16, '2025-03-27 09:00:00', '2025-03-27 10:00:00', 4, 'CGV', null);
INSERT INTO redisstudy.theatermovetm (movieId, movieRound, theaterMovieStartTm, theaterMovieEndTm, theaterMovieHall, theaterNm, theaterId) VALUES ('mvid05', 16, '2025-03-27 09:00:00', '2025-03-27 10:00:00', 4, 'CGV', null);
INSERT INTO redisstudy.theatermovetm (movieId, movieRound, theaterMovieStartTm, theaterMovieEndTm, theaterMovieHall, theaterNm, theaterId) VALUES ('mvid05', 1, '2025-03-22 09:00:00', '2025-03-22 10:00:00', 1, 'CGV', null);
INSERT INTO redisstudy.theatermovetm (movieId, movieRound, theaterMovieStartTm, theaterMovieEndTm, theaterMovieHall, theaterNm, theaterId) VALUES ('mvid05', 2, '2025-03-22 11:00:00', '2025-03-22 12:00:00', 2, 'CGV', null);
INSERT INTO redisstudy.theatermovetm (movieId, movieRound, theaterMovieStartTm, theaterMovieEndTm, theaterMovieHall, theaterNm, theaterId) VALUES ('mvid05', 3, '2025-03-22 13:00:00', '2025-03-22 14:00:00', 3, 'CGV', null);
INSERT INTO redisstudy.theatermovetm (movieId, movieRound, theaterMovieStartTm, theaterMovieEndTm, theaterMovieHall, theaterNm, theaterId) VALUES ('mvid05', 4, '2025-03-23 09:00:00', '2025-03-23 10:00:00', 4, 'CGV', null);
INSERT INTO redisstudy.theatermovetm (movieId, movieRound, theaterMovieStartTm, theaterMovieEndTm, theaterMovieHall, theaterNm, theaterId) VALUES ('mvid05', 5, '2025-03-23 11:00:00', '2025-03-23 12:00:00', 5, 'CGV', null);
INSERT INTO redisstudy.theatermovetm (movieId, movieRound, theaterMovieStartTm, theaterMovieEndTm, theaterMovieHall, theaterNm, theaterId) VALUES ('mvid05', 6, '2025-03-23 13:00:00', '2025-03-23 14:00:00', 6, 'CGV', null);
INSERT INTO redisstudy.theatermovetm (movieId, movieRound, theaterMovieStartTm, theaterMovieEndTm, theaterMovieHall, theaterNm, theaterId) VALUES ('mvid05', 7, '2025-03-24 09:00:00', '2025-03-24 10:00:00', 1, 'CGV', null);
INSERT INTO redisstudy.theatermovetm (movieId, movieRound, theaterMovieStartTm, theaterMovieEndTm, theaterMovieHall, theaterNm, theaterId) VALUES ('mvid05', 8, '2025-03-24 11:00:00', '2025-03-24 12:00:00', 2, 'CGV', null);
INSERT INTO redisstudy.theatermovetm (movieId, movieRound, theaterMovieStartTm, theaterMovieEndTm, theaterMovieHall, theaterNm, theaterId) VALUES ('mvid05', 9, '2025-03-24 13:00:00', '2025-03-24 14:00:00', 3, 'CGV', null);
INSERT INTO redisstudy.theatermovetm (movieId, movieRound, theaterMovieStartTm, theaterMovieEndTm, theaterMovieHall, theaterNm, theaterId) VALUES ('mvid05', 10, '2025-03-25 09:00:00', '2025-03-25 10:00:00', 4, 'CGV', null);
INSERT INTO redisstudy.theatermovetm (movieId, movieRound, theaterMovieStartTm, theaterMovieEndTm, theaterMovieHall, theaterNm, theaterId) VALUES ('mvid05', 11, '2025-03-25 11:00:00', '2025-03-25 12:00:00', 5, 'CGV', null);
INSERT INTO redisstudy.theatermovetm (movieId, movieRound, theaterMovieStartTm, theaterMovieEndTm, theaterMovieHall, theaterNm, theaterId) VALUES ('mvid05', 12, '2025-03-25 13:00:00', '2025-03-25 14:00:00', 6, 'CGV', null);
INSERT INTO redisstudy.theatermovetm (movieId, movieRound, theaterMovieStartTm, theaterMovieEndTm, theaterMovieHall, theaterNm, theaterId) VALUES ('mvid05', 13, '2025-03-26 09:00:00', '2025-03-26 10:00:00', 1, 'CGV', null);
INSERT INTO redisstudy.theatermovetm (movieId, movieRound, theaterMovieStartTm, theaterMovieEndTm, theaterMovieHall, theaterNm, theaterId) VALUES ('mvid05', 14, '2025-03-26 11:00:00', '2025-03-26 12:00:00', 2, 'CGV', null);
INSERT INTO redisstudy.theatermovetm (movieId, movieRound, theaterMovieStartTm, theaterMovieEndTm, theaterMovieHall, theaterNm, theaterId) VALUES ('mvid05', 15, '2025-03-26 13:00:00', '2025-03-26 14:00:00', 3, 'CGV', null);
INSERT INTO redisstudy.theatermovetm (movieId, movieRound, theaterMovieStartTm, theaterMovieEndTm, theaterMovieHall, theaterNm, theaterId) VALUES ('mvid05', 16, '2025-03-27 09:00:00', '2025-03-27 10:00:00', 4, 'CGV', null);
INSERT INTO redisstudy.theatermovetm (movieId, movieRound, theaterMovieStartTm, theaterMovieEndTm, theaterMovieHall, theaterNm, theaterId) VALUES ('mvid05', 17, '2025-03-27 11:00:00', '2025-03-27 12:00:00', 5, 'CGV', null);
INSERT INTO redisstudy.theatermovetm (movieId, movieRound, theaterMovieStartTm, theaterMovieEndTm, theaterMovieHall, theaterNm, theaterId) VALUES ('mvid05', 18, '2025-03-27 13:00:00', '2025-03-27 14:00:00', 6, 'CGV', null);
INSERT INTO redisstudy.theatermovetm (movieId, movieRound, theaterMovieStartTm, theaterMovieEndTm, theaterMovieHall, theaterNm, theaterId) VALUES ('mvid05', 19, '2025-03-28 09:00:00', '2025-03-28 10:00:00', 1, 'CGV', null);
INSERT INTO redisstudy.theatermovetm (movieId, movieRound, theaterMovieStartTm, theaterMovieEndTm, theaterMovieHall, theaterNm, theaterId) VALUES ('mvid05', 20, '2025-03-28 11:00:00', '2025-03-28 12:00:00', 2, 'CGV', null);
INSERT INTO redisstudy.theatermovetm (movieId, movieRound, theaterMovieStartTm, theaterMovieEndTm, theaterMovieHall, theaterNm, theaterId) VALUES ('mvid05', 21, '2025-03-28 13:00:00', '2025-03-28 14:00:00', 3, 'CGV', null);
INSERT INTO redisstudy.theatermovetm (movieId, movieRound, theaterMovieStartTm, theaterMovieEndTm, theaterMovieHall, theaterNm, theaterId) VALUES ('mvid05', 22, '2025-03-29 09:00:00', '2025-03-29 10:00:00', 4, 'CGV', null);
INSERT INTO redisstudy.theatermovetm (movieId, movieRound, theaterMovieStartTm, theaterMovieEndTm, theaterMovieHall, theaterNm, theaterId) VALUES ('mvid05', 23, '2025-03-29 11:00:00', '2025-03-29 12:00:00', 5, 'CGV', null);
INSERT INTO redisstudy.theatermovetm (movieId, movieRound, theaterMovieStartTm, theaterMovieEndTm, theaterMovieHall, theaterNm, theaterId) VALUES ('mvid05', 24, '2025-03-29 13:00:00', '2025-03-29 14:00:00', 6, 'CGV', null);
INSERT INTO redisstudy.theatermovetm (movieId, movieRound, theaterMovieStartTm, theaterMovieEndTm, theaterMovieHall, theaterNm, theaterId) VALUES ('mvid02', 1, '2025-03-22 09:00:00', '2025-03-22 10:00:00', 1, 'CGV', null);
INSERT INTO redisstudy.theatermovetm (movieId, movieRound, theaterMovieStartTm, theaterMovieEndTm, theaterMovieHall, theaterNm, theaterId) VALUES ('mvid02', 2, '2025-03-22 11:00:00', '2025-03-22 12:00:00', 2, 'CGV', null);
INSERT INTO redisstudy.theatermovetm (movieId, movieRound, theaterMovieStartTm, theaterMovieEndTm, theaterMovieHall, theaterNm, theaterId) VALUES ('mvid02', 3, '2025-03-22 13:00:00', '2025-03-22 14:00:00', 3, 'CGV', null);
INSERT INTO redisstudy.theatermovetm (movieId, movieRound, theaterMovieStartTm, theaterMovieEndTm, theaterMovieHall, theaterNm, theaterId) VALUES ('mvid02', 4, '2025-03-23 09:00:00', '2025-03-23 10:00:00', 4, 'CGV', null);
INSERT INTO redisstudy.theatermovetm (movieId, movieRound, theaterMovieStartTm, theaterMovieEndTm, theaterMovieHall, theaterNm, theaterId) VALUES ('mvid02', 5, '2025-03-23 11:00:00', '2025-03-23 12:00:00', 5, 'CGV', null);
INSERT INTO redisstudy.theatermovetm (movieId, movieRound, theaterMovieStartTm, theaterMovieEndTm, theaterMovieHall, theaterNm, theaterId) VALUES ('mvid02', 6, '2025-03-23 13:00:00', '2025-03-23 14:00:00', 6, 'CGV', null);
INSERT INTO redisstudy.theatermovetm (movieId, movieRound, theaterMovieStartTm, theaterMovieEndTm, theaterMovieHall, theaterNm, theaterId) VALUES ('mvid02', 7, '2025-03-24 09:00:00', '2025-03-24 10:00:00', 1, 'CGV', null);
INSERT INTO redisstudy.theatermovetm (movieId, movieRound, theaterMovieStartTm, theaterMovieEndTm, theaterMovieHall, theaterNm, theaterId) VALUES ('mvid02', 8, '2025-03-24 11:00:00', '2025-03-24 12:00:00', 2, 'CGV', null);
INSERT INTO redisstudy.theatermovetm (movieId, movieRound, theaterMovieStartTm, theaterMovieEndTm, theaterMovieHall, theaterNm, theaterId) VALUES ('mvid02', 9, '2025-03-24 13:00:00', '2025-03-24 14:00:00', 3, 'CGV', null);
INSERT INTO redisstudy.theatermovetm (movieId, movieRound, theaterMovieStartTm, theaterMovieEndTm, theaterMovieHall, theaterNm, theaterId) VALUES ('mvid02', 10, '2025-03-25 09:00:00', '2025-03-25 10:00:00', 4, 'CGV', null);
INSERT INTO redisstudy.theatermovetm (movieId, movieRound, theaterMovieStartTm, theaterMovieEndTm, theaterMovieHall, theaterNm, theaterId) VALUES ('mvid02', 11, '2025-03-25 11:00:00', '2025-03-25 12:00:00', 5, 'CGV', null);
INSERT INTO redisstudy.theatermovetm (movieId, movieRound, theaterMovieStartTm, theaterMovieEndTm, theaterMovieHall, theaterNm, theaterId) VALUES ('mvid02', 12, '2025-03-25 13:00:00', '2025-03-25 14:00:00', 6, 'CGV', null);
INSERT INTO redisstudy.theatermovetm (movieId, movieRound, theaterMovieStartTm, theaterMovieEndTm, theaterMovieHall, theaterNm, theaterId) VALUES ('mvid02', 13, '2025-03-26 09:00:00', '2025-03-26 10:00:00', 1, 'CGV', null);
INSERT INTO redisstudy.theatermovetm (movieId, movieRound, theaterMovieStartTm, theaterMovieEndTm, theaterMovieHall, theaterNm, theaterId) VALUES ('mvid02', 14, '2025-03-26 11:00:00', '2025-03-26 12:00:00', 2, 'CGV', null);
INSERT INTO redisstudy.theatermovetm (movieId, movieRound, theaterMovieStartTm, theaterMovieEndTm, theaterMovieHall, theaterNm, theaterId) VALUES ('mvid02', 15, '2025-03-26 13:00:00', '2025-03-26 14:00:00', 3, 'CGV', null);
INSERT INTO redisstudy.theatermovetm (movieId, movieRound, theaterMovieStartTm, theaterMovieEndTm, theaterMovieHall, theaterNm, theaterId) VALUES ('mvid02', 16, '2025-03-27 09:00:00', '2025-03-27 10:00:00', 4, 'CGV', null);
INSERT INTO redisstudy.theatermovetm (movieId, movieRound, theaterMovieStartTm, theaterMovieEndTm, theaterMovieHall, theaterNm, theaterId) VALUES ('mvid02', 17, '2025-03-27 11:00:00', '2025-03-27 12:00:00', 5, 'CGV', null);
INSERT INTO redisstudy.theatermovetm (movieId, movieRound, theaterMovieStartTm, theaterMovieEndTm, theaterMovieHall, theaterNm, theaterId) VALUES ('mvid02', 18, '2025-03-27 13:00:00', '2025-03-27 14:00:00', 6, 'CGV', null);
INSERT INTO redisstudy.theatermovetm (movieId, movieRound, theaterMovieStartTm, theaterMovieEndTm, theaterMovieHall, theaterNm, theaterId) VALUES ('mvid02', 19, '2025-03-28 09:00:00', '2025-03-28 10:00:00', 1, 'CGV', null);
INSERT INTO redisstudy.theatermovetm (movieId, movieRound, theaterMovieStartTm, theaterMovieEndTm, theaterMovieHall, theaterNm, theaterId) VALUES ('mvid02', 20, '2025-03-28 11:00:00', '2025-03-28 12:00:00', 2, 'CGV', null);
INSERT INTO redisstudy.theatermovetm (movieId, movieRound, theaterMovieStartTm, theaterMovieEndTm, theaterMovieHall, theaterNm, theaterId) VALUES ('mvid02', 21, '2025-03-28 13:00:00', '2025-03-28 14:00:00', 3, 'CGV', null);
INSERT INTO redisstudy.theatermovetm (movieId, movieRound, theaterMovieStartTm, theaterMovieEndTm, theaterMovieHall, theaterNm, theaterId) VALUES ('mvid02', 22, '2025-03-29 09:00:00', '2025-03-29 10:00:00', 4, 'CGV', null);
INSERT INTO redisstudy.theatermovetm (movieId, movieRound, theaterMovieStartTm, theaterMovieEndTm, theaterMovieHall, theaterNm, theaterId) VALUES ('mvid02', 23, '2025-03-29 11:00:00', '2025-03-29 12:00:00', 5, 'CGV', null);
INSERT INTO redisstudy.theatermovetm (movieId, movieRound, theaterMovieStartTm, theaterMovieEndTm, theaterMovieHall, theaterNm, theaterId) VALUES ('mvid02', 24, '2025-03-29 13:00:00', '2025-03-29 14:00:00', 6, 'CGV', null);
INSERT INTO redisstudy.theatermovetm (movieId, movieRound, theaterMovieStartTm, theaterMovieEndTm, theaterMovieHall, theaterNm, theaterId) VALUES ('mvid06', 1, '2025-03-22 09:00:00', '2025-03-22 10:00:00', 1, 'CGV', null);
INSERT INTO redisstudy.theatermovetm (movieId, movieRound, theaterMovieStartTm, theaterMovieEndTm, theaterMovieHall, theaterNm, theaterId) VALUES ('mvid06', 2, '2025-03-22 11:00:00', '2025-03-22 12:00:00', 2, 'CGV', null);
INSERT INTO redisstudy.theatermovetm (movieId, movieRound, theaterMovieStartTm, theaterMovieEndTm, theaterMovieHall, theaterNm, theaterId) VALUES ('mvid06', 3, '2025-03-22 13:00:00', '2025-03-22 14:00:00', 3, 'CGV', null);
INSERT INTO redisstudy.theatermovetm (movieId, movieRound, theaterMovieStartTm, theaterMovieEndTm, theaterMovieHall, theaterNm, theaterId) VALUES ('mvid06', 4, '2025-03-23 09:00:00', '2025-03-23 10:00:00', 4, 'CGV', null);
INSERT INTO redisstudy.theatermovetm (movieId, movieRound, theaterMovieStartTm, theaterMovieEndTm, theaterMovieHall, theaterNm, theaterId) VALUES ('mvid06', 5, '2025-03-23 11:00:00', '2025-03-23 12:00:00', 5, 'CGV', null);
INSERT INTO redisstudy.theatermovetm (movieId, movieRound, theaterMovieStartTm, theaterMovieEndTm, theaterMovieHall, theaterNm, theaterId) VALUES ('mvid06', 6, '2025-03-23 13:00:00', '2025-03-23 14:00:00', 6, 'CGV', null);
INSERT INTO redisstudy.theatermovetm (movieId, movieRound, theaterMovieStartTm, theaterMovieEndTm, theaterMovieHall, theaterNm, theaterId) VALUES ('mvid06', 7, '2025-03-24 09:00:00', '2025-03-24 10:00:00', 1, 'CGV', null);
INSERT INTO redisstudy.theatermovetm (movieId, movieRound, theaterMovieStartTm, theaterMovieEndTm, theaterMovieHall, theaterNm, theaterId) VALUES ('mvid06', 8, '2025-03-24 11:00:00', '2025-03-24 12:00:00', 2, 'CGV', null);
INSERT INTO redisstudy.theatermovetm (movieId, movieRound, theaterMovieStartTm, theaterMovieEndTm, theaterMovieHall, theaterNm, theaterId) VALUES ('mvid06', 9, '2025-03-24 13:00:00', '2025-03-24 14:00:00', 3, 'CGV', null);
INSERT INTO redisstudy.theatermovetm (movieId, movieRound, theaterMovieStartTm, theaterMovieEndTm, theaterMovieHall, theaterNm, theaterId) VALUES ('mvid06', 10, '2025-03-25 09:00:00', '2025-03-25 10:00:00', 4, 'CGV', null);
INSERT INTO redisstudy.theatermovetm (movieId, movieRound, theaterMovieStartTm, theaterMovieEndTm, theaterMovieHall, theaterNm, theaterId) VALUES ('mvid06', 11, '2025-03-25 11:00:00', '2025-03-25 12:00:00', 5, 'CGV', null);
INSERT INTO redisstudy.theatermovetm (movieId, movieRound, theaterMovieStartTm, theaterMovieEndTm, theaterMovieHall, theaterNm, theaterId) VALUES ('mvid06', 12, '2025-03-25 13:00:00', '2025-03-25 14:00:00', 6, 'CGV', null);
INSERT INTO redisstudy.theatermovetm (movieId, movieRound, theaterMovieStartTm, theaterMovieEndTm, theaterMovieHall, theaterNm, theaterId) VALUES ('mvid06', 13, '2025-03-26 09:00:00', '2025-03-26 10:00:00', 1, 'CGV', null);
INSERT INTO redisstudy.theatermovetm (movieId, movieRound, theaterMovieStartTm, theaterMovieEndTm, theaterMovieHall, theaterNm, theaterId) VALUES ('mvid06', 14, '2025-03-26 11:00:00', '2025-03-26 12:00:00', 2, 'CGV', null);
INSERT INTO redisstudy.theatermovetm (movieId, movieRound, theaterMovieStartTm, theaterMovieEndTm, theaterMovieHall, theaterNm, theaterId) VALUES ('mvid06', 15, '2025-03-26 13:00:00', '2025-03-26 14:00:00', 3, 'CGV', null);
INSERT INTO redisstudy.theatermovetm (movieId, movieRound, theaterMovieStartTm, theaterMovieEndTm, theaterMovieHall, theaterNm, theaterId) VALUES ('mvid06', 16, '2025-03-27 09:00:00', '2025-03-27 10:00:00', 4, 'CGV', null);
INSERT INTO redisstudy.theatermovetm (movieId, movieRound, theaterMovieStartTm, theaterMovieEndTm, theaterMovieHall, theaterNm, theaterId) VALUES ('mvid06', 17, '2025-03-27 11:00:00', '2025-03-27 12:00:00', 5, 'CGV', null);
INSERT INTO redisstudy.theatermovetm (movieId, movieRound, theaterMovieStartTm, theaterMovieEndTm, theaterMovieHall, theaterNm, theaterId) VALUES ('mvid06', 18, '2025-03-27 13:00:00', '2025-03-27 14:00:00', 6, 'CGV', null);
INSERT INTO redisstudy.theatermovetm (movieId, movieRound, theaterMovieStartTm, theaterMovieEndTm, theaterMovieHall, theaterNm, theaterId) VALUES ('mvid06', 19, '2025-03-28 09:00:00', '2025-03-28 10:00:00', 1, 'CGV', null);
INSERT INTO redisstudy.theatermovetm (movieId, movieRound, theaterMovieStartTm, theaterMovieEndTm, theaterMovieHall, theaterNm, theaterId) VALUES ('mvid06', 20, '2025-03-28 11:00:00', '2025-03-28 12:00:00', 2, 'CGV', null);
INSERT INTO redisstudy.theatermovetm (movieId, movieRound, theaterMovieStartTm, theaterMovieEndTm, theaterMovieHall, theaterNm, theaterId) VALUES ('mvid06', 21, '2025-03-28 13:00:00', '2025-03-28 14:00:00', 3, 'CGV', null);
INSERT INTO redisstudy.theatermovetm (movieId, movieRound, theaterMovieStartTm, theaterMovieEndTm, theaterMovieHall, theaterNm, theaterId) VALUES ('mvid06', 22, '2025-03-29 09:00:00', '2025-03-29 10:00:00', 4, 'CGV', null);
INSERT INTO redisstudy.theatermovetm (movieId, movieRound, theaterMovieStartTm, theaterMovieEndTm, theaterMovieHall, theaterNm, theaterId) VALUES ('mvid06', 23, '2025-03-29 11:00:00', '2025-03-29 12:00:00', 5, 'CGV', null);
INSERT INTO redisstudy.theatermovetm (movieId, movieRound, theaterMovieStartTm, theaterMovieEndTm, theaterMovieHall, theaterNm, theaterId) VALUES ('mvid06', 24, '2025-03-29 13:00:00', '2025-03-29 14:00:00', 6, 'CGV', null);
INSERT INTO redisstudy.theatermovetm (movieId, movieRound, theaterMovieStartTm, theaterMovieEndTm, theaterMovieHall, theaterNm, theaterId) VALUES ('mvid07', 1, '2025-03-22 09:00:00', '2025-03-22 10:00:00', 1, 'CGV', null);
INSERT INTO redisstudy.theatermovetm (movieId, movieRound, theaterMovieStartTm, theaterMovieEndTm, theaterMovieHall, theaterNm, theaterId) VALUES ('mvid07', 2, '2025-03-22 11:00:00', '2025-03-22 12:00:00', 2, 'CGV', null);
INSERT INTO redisstudy.theatermovetm (movieId, movieRound, theaterMovieStartTm, theaterMovieEndTm, theaterMovieHall, theaterNm, theaterId) VALUES ('mvid07', 3, '2025-03-22 13:00:00', '2025-03-22 14:00:00', 3, 'CGV', null);
INSERT INTO redisstudy.theatermovetm (movieId, movieRound, theaterMovieStartTm, theaterMovieEndTm, theaterMovieHall, theaterNm, theaterId) VALUES ('mvid07', 4, '2025-03-23 09:00:00', '2025-03-23 10:00:00', 4, 'CGV', null);
INSERT INTO redisstudy.theatermovetm (movieId, movieRound, theaterMovieStartTm, theaterMovieEndTm, theaterMovieHall, theaterNm, theaterId) VALUES ('mvid07', 5, '2025-03-23 11:00:00', '2025-03-23 12:00:00', 5, 'CGV', null);
INSERT INTO redisstudy.theatermovetm (movieId, movieRound, theaterMovieStartTm, theaterMovieEndTm, theaterMovieHall, theaterNm, theaterId) VALUES ('mvid07', 6, '2025-03-23 13:00:00', '2025-03-23 14:00:00', 6, 'CGV', null);
INSERT INTO redisstudy.theatermovetm (movieId, movieRound, theaterMovieStartTm, theaterMovieEndTm, theaterMovieHall, theaterNm, theaterId) VALUES ('mvid07', 7, '2025-03-24 09:00:00', '2025-03-24 10:00:00', 1, 'CGV', null);
INSERT INTO redisstudy.theatermovetm (movieId, movieRound, theaterMovieStartTm, theaterMovieEndTm, theaterMovieHall, theaterNm, theaterId) VALUES ('mvid07', 8, '2025-03-24 11:00:00', '2025-03-24 12:00:00', 2, 'CGV', null);
INSERT INTO redisstudy.theatermovetm (movieId, movieRound, theaterMovieStartTm, theaterMovieEndTm, theaterMovieHall, theaterNm, theaterId) VALUES ('mvid07', 9, '2025-03-24 13:00:00', '2025-03-24 14:00:00', 3, 'CGV', null);
INSERT INTO redisstudy.theatermovetm (movieId, movieRound, theaterMovieStartTm, theaterMovieEndTm, theaterMovieHall, theaterNm, theaterId) VALUES ('mvid07', 10, '2025-03-25 09:00:00', '2025-03-25 10:00:00', 4, 'CGV', null);
INSERT INTO redisstudy.theatermovetm (movieId, movieRound, theaterMovieStartTm, theaterMovieEndTm, theaterMovieHall, theaterNm, theaterId) VALUES ('mvid07', 11, '2025-03-25 11:00:00', '2025-03-25 12:00:00', 5, 'CGV', null);
INSERT INTO redisstudy.theatermovetm (movieId, movieRound, theaterMovieStartTm, theaterMovieEndTm, theaterMovieHall, theaterNm, theaterId) VALUES ('mvid07', 12, '2025-03-25 13:00:00', '2025-03-25 14:00:00', 6, 'CGV', null);
INSERT INTO redisstudy.theatermovetm (movieId, movieRound, theaterMovieStartTm, theaterMovieEndTm, theaterMovieHall, theaterNm, theaterId) VALUES ('mvid07', 13, '2025-03-26 09:00:00', '2025-03-26 10:00:00', 1, 'CGV', null);
INSERT INTO redisstudy.theatermovetm (movieId, movieRound, theaterMovieStartTm, theaterMovieEndTm, theaterMovieHall, theaterNm, theaterId) VALUES ('mvid07', 14, '2025-03-26 11:00:00', '2025-03-26 12:00:00', 2, 'CGV', null);
INSERT INTO redisstudy.theatermovetm (movieId, movieRound, theaterMovieStartTm, theaterMovieEndTm, theaterMovieHall, theaterNm, theaterId) VALUES ('mvid07', 15, '2025-03-26 13:00:00', '2025-03-26 14:00:00', 3, 'CGV', null);
INSERT INTO redisstudy.theatermovetm (movieId, movieRound, theaterMovieStartTm, theaterMovieEndTm, theaterMovieHall, theaterNm, theaterId) VALUES ('mvid07', 16, '2025-03-27 09:00:00', '2025-03-27 10:00:00', 4, 'CGV', null);
INSERT INTO redisstudy.theatermovetm (movieId, movieRound, theaterMovieStartTm, theaterMovieEndTm, theaterMovieHall, theaterNm, theaterId) VALUES ('mvid07', 17, '2025-03-27 11:00:00', '2025-03-27 12:00:00', 5, 'CGV', null);
INSERT INTO redisstudy.theatermovetm (movieId, movieRound, theaterMovieStartTm, theaterMovieEndTm, theaterMovieHall, theaterNm, theaterId) VALUES ('mvid07', 18, '2025-03-27 13:00:00', '2025-03-27 14:00:00', 6, 'CGV', null);
INSERT INTO redisstudy.theatermovetm (movieId, movieRound, theaterMovieStartTm, theaterMovieEndTm, theaterMovieHall, theaterNm, theaterId) VALUES ('mvid07', 19, '2025-03-28 09:00:00', '2025-03-28 10:00:00', 1, 'CGV', null);
INSERT INTO redisstudy.theatermovetm (movieId, movieRound, theaterMovieStartTm, theaterMovieEndTm, theaterMovieHall, theaterNm, theaterId) VALUES ('mvid07', 20, '2025-03-28 11:00:00', '2025-03-28 12:00:00', 2, 'CGV', null);
INSERT INTO redisstudy.theatermovetm (movieId, movieRound, theaterMovieStartTm, theaterMovieEndTm, theaterMovieHall, theaterNm, theaterId) VALUES ('mvid07', 21, '2025-03-28 13:00:00', '2025-03-28 14:00:00', 3, 'CGV', null);
INSERT INTO redisstudy.theatermovetm (movieId, movieRound, theaterMovieStartTm, theaterMovieEndTm, theaterMovieHall, theaterNm, theaterId) VALUES ('mvid07', 22, '2025-03-29 09:00:00', '2025-03-29 10:00:00', 4, 'CGV', null);
INSERT INTO redisstudy.theatermovetm (movieId, movieRound, theaterMovieStartTm, theaterMovieEndTm, theaterMovieHall, theaterNm, theaterId) VALUES ('mvid07', 23, '2025-03-29 11:00:00', '2025-03-29 12:00:00', 5, 'CGV', null);
INSERT INTO redisstudy.theatermovetm (movieId, movieRound, theaterMovieStartTm, theaterMovieEndTm, theaterMovieHall, theaterNm, theaterId) VALUES ('mvid07', 24, '2025-03-29 13:00:00', '2025-03-29 14:00:00', 6, 'CGV', null);
INSERT INTO redisstudy.theatermovetm (movieId, movieRound, theaterMovieStartTm, theaterMovieEndTm, theaterMovieHall, theaterNm, theaterId) VALUES ('mvid08', 1, '2025-03-22 09:00:00', '2025-03-22 10:00:00', 1, 'CGV', null);
INSERT INTO redisstudy.theatermovetm (movieId, movieRound, theaterMovieStartTm, theaterMovieEndTm, theaterMovieHall, theaterNm, theaterId) VALUES ('mvid08', 2, '2025-03-22 11:00:00', '2025-03-22 12:00:00', 2, 'CGV', null);
INSERT INTO redisstudy.theatermovetm (movieId, movieRound, theaterMovieStartTm, theaterMovieEndTm, theaterMovieHall, theaterNm, theaterId) VALUES ('mvid08', 3, '2025-03-22 13:00:00', '2025-03-22 14:00:00', 3, 'CGV', null);
INSERT INTO redisstudy.theatermovetm (movieId, movieRound, theaterMovieStartTm, theaterMovieEndTm, theaterMovieHall, theaterNm, theaterId) VALUES ('mvid08', 4, '2025-03-23 09:00:00', '2025-03-23 10:00:00', 4, 'CGV', null);
INSERT INTO redisstudy.theatermovetm (movieId, movieRound, theaterMovieStartTm, theaterMovieEndTm, theaterMovieHall, theaterNm, theaterId) VALUES ('mvid08', 5, '2025-03-23 11:00:00', '2025-03-23 12:00:00', 5, 'CGV', null);
INSERT INTO redisstudy.theatermovetm (movieId, movieRound, theaterMovieStartTm, theaterMovieEndTm, theaterMovieHall, theaterNm, theaterId) VALUES ('mvid08', 6, '2025-03-23 13:00:00', '2025-03-23 14:00:00', 6, 'CGV', null);
INSERT INTO redisstudy.theatermovetm (movieId, movieRound, theaterMovieStartTm, theaterMovieEndTm, theaterMovieHall, theaterNm, theaterId) VALUES ('mvid08', 7, '2025-03-24 09:00:00', '2025-03-24 10:00:00', 1, 'CGV', null);
INSERT INTO redisstudy.theatermovetm (movieId, movieRound, theaterMovieStartTm, theaterMovieEndTm, theaterMovieHall, theaterNm, theaterId) VALUES ('mvid08', 8, '2025-03-24 11:00:00', '2025-03-24 12:00:00', 2, 'CGV', null);
INSERT INTO redisstudy.theatermovetm (movieId, movieRound, theaterMovieStartTm, theaterMovieEndTm, theaterMovieHall, theaterNm, theaterId) VALUES ('mvid08', 9, '2025-03-24 13:00:00', '2025-03-24 14:00:00', 3, 'CGV', null);
INSERT INTO redisstudy.theatermovetm (movieId, movieRound, theaterMovieStartTm, theaterMovieEndTm, theaterMovieHall, theaterNm, theaterId) VALUES ('mvid08', 10, '2025-03-25 09:00:00', '2025-03-25 10:00:00', 4, 'CGV', null);
INSERT INTO redisstudy.theatermovetm (movieId, movieRound, theaterMovieStartTm, theaterMovieEndTm, theaterMovieHall, theaterNm, theaterId) VALUES ('mvid08', 11, '2025-03-25 11:00:00', '2025-03-25 12:00:00', 5, 'CGV', null);
INSERT INTO redisstudy.theatermovetm (movieId, movieRound, theaterMovieStartTm, theaterMovieEndTm, theaterMovieHall, theaterNm, theaterId) VALUES ('mvid08', 12, '2025-03-25 13:00:00', '2025-03-25 14:00:00', 6, 'CGV', null);
INSERT INTO redisstudy.theatermovetm (movieId, movieRound, theaterMovieStartTm, theaterMovieEndTm, theaterMovieHall, theaterNm, theaterId) VALUES ('mvid08', 13, '2025-03-26 09:00:00', '2025-03-26 10:00:00', 1, 'CGV', null);
INSERT INTO redisstudy.theatermovetm (movieId, movieRound, theaterMovieStartTm, theaterMovieEndTm, theaterMovieHall, theaterNm, theaterId) VALUES ('mvid08', 14, '2025-03-26 11:00:00', '2025-03-26 12:00:00', 2, 'CGV', null);
INSERT INTO redisstudy.theatermovetm (movieId, movieRound, theaterMovieStartTm, theaterMovieEndTm, theaterMovieHall, theaterNm, theaterId) VALUES ('mvid08', 15, '2025-03-26 13:00:00', '2025-03-26 14:00:00', 3, 'CGV', null);
INSERT INTO redisstudy.theatermovetm (movieId, movieRound, theaterMovieStartTm, theaterMovieEndTm, theaterMovieHall, theaterNm, theaterId) VALUES ('mvid08', 16, '2025-03-27 09:00:00', '2025-03-27 10:00:00', 4, 'CGV', null);
INSERT INTO redisstudy.theatermovetm (movieId, movieRound, theaterMovieStartTm, theaterMovieEndTm, theaterMovieHall, theaterNm, theaterId) VALUES ('mvid08', 17, '2025-03-27 11:00:00', '2025-03-27 12:00:00', 5, 'CGV', null);
INSERT INTO redisstudy.theatermovetm (movieId, movieRound, theaterMovieStartTm, theaterMovieEndTm, theaterMovieHall, theaterNm, theaterId) VALUES ('mvid08', 18, '2025-03-27 13:00:00', '2025-03-27 14:00:00', 6, 'CGV', null);
INSERT INTO redisstudy.theatermovetm (movieId, movieRound, theaterMovieStartTm, theaterMovieEndTm, theaterMovieHall, theaterNm, theaterId) VALUES ('mvid08', 19, '2025-03-28 09:00:00', '2025-03-28 10:00:00', 1, 'CGV', null);
INSERT INTO redisstudy.theatermovetm (movieId, movieRound, theaterMovieStartTm, theaterMovieEndTm, theaterMovieHall, theaterNm, theaterId) VALUES ('mvid08', 20, '2025-03-28 11:00:00', '2025-03-28 12:00:00', 2, 'CGV', null);
INSERT INTO redisstudy.theatermovetm (movieId, movieRound, theaterMovieStartTm, theaterMovieEndTm, theaterMovieHall, theaterNm, theaterId) VALUES ('mvid08', 21, '2025-03-28 13:00:00', '2025-03-28 14:00:00', 3, 'CGV', null);
INSERT INTO redisstudy.theatermovetm (movieId, movieRound, theaterMovieStartTm, theaterMovieEndTm, theaterMovieHall, theaterNm, theaterId) VALUES ('mvid08', 22, '2025-03-29 09:00:00', '2025-03-29 10:00:00', 4, 'CGV', null);
INSERT INTO redisstudy.theatermovetm (movieId, movieRound, theaterMovieStartTm, theaterMovieEndTm, theaterMovieHall, theaterNm, theaterId) VALUES ('mvid08', 23, '2025-03-29 11:00:00', '2025-03-29 12:00:00', 5, 'CGV', null);
INSERT INTO redisstudy.theatermovetm (movieId, movieRound, theaterMovieStartTm, theaterMovieEndTm, theaterMovieHall, theaterNm, theaterId) VALUES ('mvid08', 24, '2025-03-29 13:00:00', '2025-03-29 14:00:00', 6, 'CGV', null);
INSERT INTO redisstudy.theatermovetm (movieId, movieRound, theaterMovieStartTm, theaterMovieEndTm, theaterMovieHall, theaterNm, theaterId) VALUES ('mvid09', 1, '2025-03-22 09:00:00', '2025-03-22 10:00:00', 1, 'CGV', null);
INSERT INTO redisstudy.theatermovetm (movieId, movieRound, theaterMovieStartTm, theaterMovieEndTm, theaterMovieHall, theaterNm, theaterId) VALUES ('mvid09', 2, '2025-03-22 11:00:00', '2025-03-22 12:00:00', 2, 'CGV', null);
INSERT INTO redisstudy.theatermovetm (movieId, movieRound, theaterMovieStartTm, theaterMovieEndTm, theaterMovieHall, theaterNm, theaterId) VALUES ('mvid09', 3, '2025-03-22 13:00:00', '2025-03-22 14:00:00', 3, 'CGV', null);
INSERT INTO redisstudy.theatermovetm (movieId, movieRound, theaterMovieStartTm, theaterMovieEndTm, theaterMovieHall, theaterNm, theaterId) VALUES ('mvid09', 4, '2025-03-23 09:00:00', '2025-03-23 10:00:00', 4, 'CGV', null);
INSERT INTO redisstudy.theatermovetm (movieId, movieRound, theaterMovieStartTm, theaterMovieEndTm, theaterMovieHall, theaterNm, theaterId) VALUES ('mvid09', 5, '2025-03-23 11:00:00', '2025-03-23 12:00:00', 5, 'CGV', null);
INSERT INTO redisstudy.theatermovetm (movieId, movieRound, theaterMovieStartTm, theaterMovieEndTm, theaterMovieHall, theaterNm, theaterId) VALUES ('mvid09', 6, '2025-03-23 13:00:00', '2025-03-23 14:00:00', 6, 'CGV', null);
INSERT INTO redisstudy.theatermovetm (movieId, movieRound, theaterMovieStartTm, theaterMovieEndTm, theaterMovieHall, theaterNm, theaterId) VALUES ('mvid09', 7, '2025-03-24 09:00:00', '2025-03-24 10:00:00', 1, 'CGV', null);
INSERT INTO redisstudy.theatermovetm (movieId, movieRound, theaterMovieStartTm, theaterMovieEndTm, theaterMovieHall, theaterNm, theaterId) VALUES ('mvid09', 8, '2025-03-24 11:00:00', '2025-03-24 12:00:00', 2, 'CGV', null);
INSERT INTO redisstudy.theatermovetm (movieId, movieRound, theaterMovieStartTm, theaterMovieEndTm, theaterMovieHall, theaterNm, theaterId) VALUES ('mvid09', 9, '2025-03-24 13:00:00', '2025-03-24 14:00:00', 3, 'CGV', null);
INSERT INTO redisstudy.theatermovetm (movieId, movieRound, theaterMovieStartTm, theaterMovieEndTm, theaterMovieHall, theaterNm, theaterId) VALUES ('mvid09', 10, '2025-03-25 09:00:00', '2025-03-25 10:00:00', 4, 'CGV', null);
INSERT INTO redisstudy.theatermovetm (movieId, movieRound, theaterMovieStartTm, theaterMovieEndTm, theaterMovieHall, theaterNm, theaterId) VALUES ('mvid09', 11, '2025-03-25 11:00:00', '2025-03-25 12:00:00', 5, 'CGV', null);
INSERT INTO redisstudy.theatermovetm (movieId, movieRound, theaterMovieStartTm, theaterMovieEndTm, theaterMovieHall, theaterNm, theaterId) VALUES ('mvid09', 12, '2025-03-25 13:00:00', '2025-03-25 14:00:00', 6, 'CGV', null);
INSERT INTO redisstudy.theatermovetm (movieId, movieRound, theaterMovieStartTm, theaterMovieEndTm, theaterMovieHall, theaterNm, theaterId) VALUES ('mvid09', 13, '2025-03-26 09:00:00', '2025-03-26 10:00:00', 1, 'CGV', null);
INSERT INTO redisstudy.theatermovetm (movieId, movieRound, theaterMovieStartTm, theaterMovieEndTm, theaterMovieHall, theaterNm, theaterId) VALUES ('mvid09', 14, '2025-03-26 11:00:00', '2025-03-26 12:00:00', 2, 'CGV', null);
INSERT INTO redisstudy.theatermovetm (movieId, movieRound, theaterMovieStartTm, theaterMovieEndTm, theaterMovieHall, theaterNm, theaterId) VALUES ('mvid09', 15, '2025-03-26 13:00:00', '2025-03-26 14:00:00', 3, 'CGV', null);
INSERT INTO redisstudy.theatermovetm (movieId, movieRound, theaterMovieStartTm, theaterMovieEndTm, theaterMovieHall, theaterNm, theaterId) VALUES ('mvid09', 16, '2025-03-27 09:00:00', '2025-03-27 10:00:00', 4, 'CGV', null);
INSERT INTO redisstudy.theatermovetm (movieId, movieRound, theaterMovieStartTm, theaterMovieEndTm, theaterMovieHall, theaterNm, theaterId) VALUES ('mvid09', 17, '2025-03-27 11:00:00', '2025-03-27 12:00:00', 5, 'CGV', null);
INSERT INTO redisstudy.theatermovetm (movieId, movieRound, theaterMovieStartTm, theaterMovieEndTm, theaterMovieHall, theaterNm, theaterId) VALUES ('mvid09', 18, '2025-03-27 13:00:00', '2025-03-27 14:00:00', 6, 'CGV', null);
INSERT INTO redisstudy.theatermovetm (movieId, movieRound, theaterMovieStartTm, theaterMovieEndTm, theaterMovieHall, theaterNm, theaterId) VALUES ('mvid09', 19, '2025-03-28 09:00:00', '2025-03-28 10:00:00', 1, 'CGV', null);
INSERT INTO redisstudy.theatermovetm (movieId, movieRound, theaterMovieStartTm, theaterMovieEndTm, theaterMovieHall, theaterNm, theaterId) VALUES ('mvid09', 20, '2025-03-28 11:00:00', '2025-03-28 12:00:00', 2, 'CGV', null);
INSERT INTO redisstudy.theatermovetm (movieId, movieRound, theaterMovieStartTm, theaterMovieEndTm, theaterMovieHall, theaterNm, theaterId) VALUES ('mvid09', 21, '2025-03-28 13:00:00', '2025-03-28 14:00:00', 3, 'CGV', null);
INSERT INTO redisstudy.theatermovetm (movieId, movieRound, theaterMovieStartTm, theaterMovieEndTm, theaterMovieHall, theaterNm, theaterId) VALUES ('mvid09', 22, '2025-03-29 09:00:00', '2025-03-29 10:00:00', 4, 'CGV', null);
INSERT INTO redisstudy.theatermovetm (movieId, movieRound, theaterMovieStartTm, theaterMovieEndTm, theaterMovieHall, theaterNm, theaterId) VALUES ('mvid09', 23, '2025-03-29 11:00:00', '2025-03-29 12:00:00', 5, 'CGV', null);
INSERT INTO redisstudy.theatermovetm (movieId, movieRound, theaterMovieStartTm, theaterMovieEndTm, theaterMovieHall, theaterNm, theaterId) VALUES ('mvid09', 24, '2025-03-29 13:00:00', '2025-03-29 14:00:00', 6, 'CGV', null);
INSERT INTO redisstudy.theatermovetm (movieId, movieRound, theaterMovieStartTm, theaterMovieEndTm, theaterMovieHall, theaterNm, theaterId) VALUES ('mvid10', 1, '2025-03-22 09:00:00', '2025-03-22 10:00:00', 1, 'CGV', null);
INSERT INTO redisstudy.theatermovetm (movieId, movieRound, theaterMovieStartTm, theaterMovieEndTm, theaterMovieHall, theaterNm, theaterId) VALUES ('mvid10', 2, '2025-03-22 11:00:00', '2025-03-22 12:00:00', 2, 'CGV', null);
INSERT INTO redisstudy.theatermovetm (movieId, movieRound, theaterMovieStartTm, theaterMovieEndTm, theaterMovieHall, theaterNm, theaterId) VALUES ('mvid10', 3, '2025-03-22 13:00:00', '2025-03-22 14:00:00', 3, 'CGV', null);
INSERT INTO redisstudy.theatermovetm (movieId, movieRound, theaterMovieStartTm, theaterMovieEndTm, theaterMovieHall, theaterNm, theaterId) VALUES ('mvid10', 4, '2025-03-23 09:00:00', '2025-03-23 10:00:00', 4, 'CGV', null);
INSERT INTO redisstudy.theatermovetm (movieId, movieRound, theaterMovieStartTm, theaterMovieEndTm, theaterMovieHall, theaterNm, theaterId) VALUES ('mvid10', 5, '2025-03-23 11:00:00', '2025-03-23 12:00:00', 5, 'CGV', null);
INSERT INTO redisstudy.theatermovetm (movieId, movieRound, theaterMovieStartTm, theaterMovieEndTm, theaterMovieHall, theaterNm, theaterId) VALUES ('mvid10', 6, '2025-03-23 13:00:00', '2025-03-23 14:00:00', 6, 'CGV', null);
INSERT INTO redisstudy.theatermovetm (movieId, movieRound, theaterMovieStartTm, theaterMovieEndTm, theaterMovieHall, theaterNm, theaterId) VALUES ('mvid10', 7, '2025-03-24 09:00:00', '2025-03-24 10:00:00', 1, 'CGV', null);
INSERT INTO redisstudy.theatermovetm (movieId, movieRound, theaterMovieStartTm, theaterMovieEndTm, theaterMovieHall, theaterNm, theaterId) VALUES ('mvid10', 8, '2025-03-24 11:00:00', '2025-03-24 12:00:00', 2, 'CGV', null);
INSERT INTO redisstudy.theatermovetm (movieId, movieRound, theaterMovieStartTm, theaterMovieEndTm, theaterMovieHall, theaterNm, theaterId) VALUES ('mvid10', 9, '2025-03-24 13:00:00', '2025-03-24 14:00:00', 3, 'CGV', null);
INSERT INTO redisstudy.theatermovetm (movieId, movieRound, theaterMovieStartTm, theaterMovieEndTm, theaterMovieHall, theaterNm, theaterId) VALUES ('mvid10', 10, '2025-03-25 09:00:00', '2025-03-25 10:00:00', 4, 'CGV', null);
INSERT INTO redisstudy.theatermovetm (movieId, movieRound, theaterMovieStartTm, theaterMovieEndTm, theaterMovieHall, theaterNm, theaterId) VALUES ('mvid10', 11, '2025-03-25 11:00:00', '2025-03-25 12:00:00', 5, 'CGV', null);
INSERT INTO redisstudy.theatermovetm (movieId, movieRound, theaterMovieStartTm, theaterMovieEndTm, theaterMovieHall, theaterNm, theaterId) VALUES ('mvid10', 12, '2025-03-25 13:00:00', '2025-03-25 14:00:00', 6, 'CGV', null);
INSERT INTO redisstudy.theatermovetm (movieId, movieRound, theaterMovieStartTm, theaterMovieEndTm, theaterMovieHall, theaterNm, theaterId) VALUES ('mvid10', 13, '2025-03-26 09:00:00', '2025-03-26 10:00:00', 1, 'CGV', null);
INSERT INTO redisstudy.theatermovetm (movieId, movieRound, theaterMovieStartTm, theaterMovieEndTm, theaterMovieHall, theaterNm, theaterId) VALUES ('mvid10', 14, '2025-03-26 11:00:00', '2025-03-26 12:00:00', 2, 'CGV', null);
INSERT INTO redisstudy.theatermovetm (movieId, movieRound, theaterMovieStartTm, theaterMovieEndTm, theaterMovieHall, theaterNm, theaterId) VALUES ('mvid10', 15, '2025-03-26 13:00:00', '2025-03-26 14:00:00', 3, 'CGV', null);
INSERT INTO redisstudy.theatermovetm (movieId, movieRound, theaterMovieStartTm, theaterMovieEndTm, theaterMovieHall, theaterNm, theaterId) VALUES ('mvid10', 16, '2025-03-27 09:00:00', '2025-03-27 10:00:00', 4, 'CGV', null);
INSERT INTO redisstudy.theatermovetm (movieId, movieRound, theaterMovieStartTm, theaterMovieEndTm, theaterMovieHall, theaterNm, theaterId) VALUES ('mvid10', 17, '2025-03-27 11:00:00', '2025-03-27 12:00:00', 5, 'CGV', null);
INSERT INTO redisstudy.theatermovetm (movieId, movieRound, theaterMovieStartTm, theaterMovieEndTm, theaterMovieHall, theaterNm, theaterId) VALUES ('mvid10', 18, '2025-03-27 13:00:00', '2025-03-27 14:00:00', 6, 'CGV', null);
INSERT INTO redisstudy.theatermovetm (movieId, movieRound, theaterMovieStartTm, theaterMovieEndTm, theaterMovieHall, theaterNm, theaterId) VALUES ('mvid10', 19, '2025-03-28 09:00:00', '2025-03-28 10:00:00', 1, 'CGV', null);
INSERT INTO redisstudy.theatermovetm (movieId, movieRound, theaterMovieStartTm, theaterMovieEndTm, theaterMovieHall, theaterNm, theaterId) VALUES ('mvid10', 20, '2025-03-28 11:00:00', '2025-03-28 12:00:00', 2, 'CGV', null);
INSERT INTO redisstudy.theatermovetm (movieId, movieRound, theaterMovieStartTm, theaterMovieEndTm, theaterMovieHall, theaterNm, theaterId) VALUES ('mvid10', 21, '2025-03-28 13:00:00', '2025-03-28 14:00:00', 3, 'CGV', null);
INSERT INTO redisstudy.theatermovetm (movieId, movieRound, theaterMovieStartTm, theaterMovieEndTm, theaterMovieHall, theaterNm, theaterId) VALUES ('mvid10', 22, '2025-03-29 09:00:00', '2025-03-29 10:00:00', 4, 'CGV', null);
INSERT INTO redisstudy.theatermovetm (movieId, movieRound, theaterMovieStartTm, theaterMovieEndTm, theaterMovieHall, theaterNm, theaterId) VALUES ('mvid10', 23, '2025-03-29 11:00:00', '2025-03-29 12:00:00', 5, 'CGV', null);
INSERT INTO redisstudy.theatermovetm (movieId, movieRound, theaterMovieStartTm, theaterMovieEndTm, theaterMovieHall, theaterNm, theaterId) VALUES ('mvid10', 24, '2025-03-29 13:00:00', '2025-03-29 14:00:00', 6, 'CGV', null);
INSERT INTO redisstudy.theatermovetm (movieId, movieRound, theaterMovieStartTm, theaterMovieEndTm, theaterMovieHall, theaterNm, theaterId) VALUES ('mvid04', 1, '2025-01-23 09:00:00', '2025-01-23 10:00:00', 1, 'CGV', null);
INSERT INTO redisstudy.theatermovetm (movieId, movieRound, theaterMovieStartTm, theaterMovieEndTm, theaterMovieHall, theaterNm, theaterId) VALUES ('mvid04', 2, '2025-01-23 11:00:00', '2025-01-23 12:00:00', 2, 'CGV', null);
INSERT INTO redisstudy.theatermovetm (movieId, movieRound, theaterMovieStartTm, theaterMovieEndTm, theaterMovieHall, theaterNm, theaterId) VALUES ('mvid04', 3, '2025-01-23 13:00:00', '2025-01-23 14:00:00', 3, 'CGV', null);
INSERT INTO redisstudy.theatermovetm (movieId, movieRound, theaterMovieStartTm, theaterMovieEndTm, theaterMovieHall, theaterNm, theaterId) VALUES ('mvid04', 4, '2025-01-24 09:00:00', '2025-01-24 10:00:00', 4, 'CGV', null);
INSERT INTO redisstudy.theatermovetm (movieId, movieRound, theaterMovieStartTm, theaterMovieEndTm, theaterMovieHall, theaterNm, theaterId) VALUES ('mvid04', 5, '2025-01-24 11:00:00', '2025-01-24 12:00:00', 5, 'CGV', null);
INSERT INTO redisstudy.theatermovetm (movieId, movieRound, theaterMovieStartTm, theaterMovieEndTm, theaterMovieHall, theaterNm, theaterId) VALUES ('mvid04', 6, '2025-01-24 13:00:00', '2025-01-24 14:00:00', 6, 'CGV', null);
INSERT INTO redisstudy.theatermovetm (movieId, movieRound, theaterMovieStartTm, theaterMovieEndTm, theaterMovieHall, theaterNm, theaterId) VALUES ('mvid04', 7, '2025-01-25 09:00:00', '2025-01-25 10:00:00', 1, 'CGV', null);
INSERT INTO redisstudy.theatermovetm (movieId, movieRound, theaterMovieStartTm, theaterMovieEndTm, theaterMovieHall, theaterNm, theaterId) VALUES ('mvid04', 8, '2025-01-25 11:00:00', '2025-01-25 12:00:00', 2, 'CGV', null);
INSERT INTO redisstudy.theatermovetm (movieId, movieRound, theaterMovieStartTm, theaterMovieEndTm, theaterMovieHall, theaterNm, theaterId) VALUES ('mvid04', 9, '2025-01-25 13:00:00', '2025-01-25 14:00:00', 3, 'CGV', null);
INSERT INTO redisstudy.theatermovetm (movieId, movieRound, theaterMovieStartTm, theaterMovieEndTm, theaterMovieHall, theaterNm, theaterId) VALUES ('mvid04', 10, '2025-01-26 09:00:00', '2025-01-26 10:00:00', 4, 'CGV', null);
INSERT INTO redisstudy.theatermovetm (movieId, movieRound, theaterMovieStartTm, theaterMovieEndTm, theaterMovieHall, theaterNm, theaterId) VALUES ('mvid04', 11, '2025-01-26 11:00:00', '2025-01-26 12:00:00', 5, 'CGV', null);
INSERT INTO redisstudy.theatermovetm (movieId, movieRound, theaterMovieStartTm, theaterMovieEndTm, theaterMovieHall, theaterNm, theaterId) VALUES ('mvid04', 12, '2025-01-26 13:00:00', '2025-01-26 14:00:00', 6, 'CGV', null);
INSERT INTO redisstudy.theatermovetm (movieId, movieRound, theaterMovieStartTm, theaterMovieEndTm, theaterMovieHall, theaterNm, theaterId) VALUES ('mvid04', 13, '2025-01-27 09:00:00', '2025-01-27 10:00:00', 1, 'CGV', null);
INSERT INTO redisstudy.theatermovetm (movieId, movieRound, theaterMovieStartTm, theaterMovieEndTm, theaterMovieHall, theaterNm, theaterId) VALUES ('mvid04', 14, '2025-01-27 11:00:00', '2025-01-27 12:00:00', 2, 'CGV', null);
INSERT INTO redisstudy.theatermovetm (movieId, movieRound, theaterMovieStartTm, theaterMovieEndTm, theaterMovieHall, theaterNm, theaterId) VALUES ('mvid04', 15, '2025-01-27 13:00:00', '2025-01-27 14:00:00', 3, 'CGV', null);
INSERT INTO redisstudy.theatermovetm (movieId, movieRound, theaterMovieStartTm, theaterMovieEndTm, theaterMovieHall, theaterNm, theaterId) VALUES ('mvid04', 16, '2025-01-28 09:00:00', '2025-01-28 10:00:00', 4, 'CGV', null);
INSERT INTO redisstudy.theatermovetm (movieId, movieRound, theaterMovieStartTm, theaterMovieEndTm, theaterMovieHall, theaterNm, theaterId) VALUES ('mvid04', 17, '2025-01-28 11:00:00', '2025-01-28 12:00:00', 5, 'CGV', null);
INSERT INTO redisstudy.theatermovetm (movieId, movieRound, theaterMovieStartTm, theaterMovieEndTm, theaterMovieHall, theaterNm, theaterId) VALUES ('mvid04', 18, '2025-01-28 13:00:00', '2025-01-28 14:00:00', 6, 'CGV', null);
INSERT INTO redisstudy.theatermovetm (movieId, movieRound, theaterMovieStartTm, theaterMovieEndTm, theaterMovieHall, theaterNm, theaterId) VALUES ('mvid04', 19, '2025-01-29 09:00:00', '2025-01-29 10:00:00', 1, 'CGV', null);
INSERT INTO redisstudy.theatermovetm (movieId, movieRound, theaterMovieStartTm, theaterMovieEndTm, theaterMovieHall, theaterNm, theaterId) VALUES ('mvid04', 20, '2025-01-29 11:00:00', '2025-01-29 12:00:00', 2, 'CGV', null);
INSERT INTO redisstudy.theatermovetm (movieId, movieRound, theaterMovieStartTm, theaterMovieEndTm, theaterMovieHall, theaterNm, theaterId) VALUES ('mvid04', 21, '2025-01-29 13:00:00', '2025-01-29 14:00:00', 3, 'CGV', null);
INSERT INTO redisstudy.theatermovetm (movieId, movieRound, theaterMovieStartTm, theaterMovieEndTm, theaterMovieHall, theaterNm, theaterId) VALUES ('mvid04', 22, '2025-01-30 09:00:00', '2025-01-30 10:00:00', 4, 'CGV', null);
INSERT INTO redisstudy.theatermovetm (movieId, movieRound, theaterMovieStartTm, theaterMovieEndTm, theaterMovieHall, theaterNm, theaterId) VALUES ('mvid04', 23, '2025-01-30 11:00:00', '2025-01-30 12:00:00', 5, 'CGV', null);
INSERT INTO redisstudy.theatermovetm (movieId, movieRound, theaterMovieStartTm, theaterMovieEndTm, theaterMovieHall, theaterNm, theaterId) VALUES ('mvid04', 24, '2025-01-30 13:00:00', '2025-01-30 14:00:00', 6, 'CGV', null);
